,Median,5th % (Downside),95th % (Upside)
100% BTC,261262105.70517546,3967507.3575708903,19105451180.808434
60% Crypto / 40% AI (Fixed),114332332.6789422,7866976.414722622,1731406483.558354
Crypto Blend,90182486.14938694,1107055.4309382916,6862169968.152783
70% AI / 30% Crypto (Fixed),54189934.07867585,8823072.109020418,317208171.605783
AI Blend,12761026.39131429,1919465.1619657034,77878761.27610423
CFO Policy (Target 8%),3020993.638433155,370093.76928201236,36473437.45374771
40% AI / 60% VOO (Fixed),2259558.788091452,879691.35929024,6286495.0524719935
100% XRP,1915344.122290156,7643.161736663708,617949008.5622759
100% VOO,542479.8448943645,181741.62997794393,1602435.517618746
